<Page loaded="pageLoaded" class="page" xmlns="http://www.nativescript.org/tns.xsd">

	<ActionBar title="Home" class="action-bar">
	</ActionBar>
	<ScrollView>
		<StackLayout class="home-panel">
			<!--Add your page content here-->
			<Label textWrap="true" text="Play with NativeScript!" class="h2 description-label" />
			<Label textWrap="true" text="Write code in the editor or drag and drop components to build a NativeScript mobile application."
			 class="h2 description-label" />
			<Label textWrap="true" text="Scan the QR code with your mobile device and watch the changes sync live while you play with the code."
			 class="h2 description-label" />
		</StackLayout>
	</ScrollView>
</Page>