<Page xmlns="http://schemas.nativescript.org/tns.xsd" loaded="onLoaded">
    //ada tiga tombol back, save dan delete
    <ActionBar title="Edit Contact">
        <NavigationButton text="Back" android.systemIcon="ic_menu_back" tap="backButton" />
        <ActionItem ios.systemIcon="3" android.systemIcon="ic_menu_save"
            ios.position="right" tap="saveChange"></ActionItem>
        <ActionItem ios.systemIcon="16" android.systemIcon="ic_menu_delete"
            ios.position="right" tap="deleteData"></ActionItem>
    </ActionBar>

    <StackLayout class="p-20">
        <Label text="Name" />
        <TextField text="{{ name }}" hint="Full Name..." />

        <Label text="Phone" />
        <TextField text="{{ phone }}" hint="Phone Number..." keyboardType="number" />

        <Label text="Description" />
        <TextView text="{{ description }}" hint="Description..." />
    </StackLayout>
</Page>